Id,Name,Email
101,Marwa,marwa@gmail.com
102,Aya,aya@gmail.com
103,Raya,raya@gmail.com
104,Tala,tala@gmail.com
105,Masa,masa@gmail.com
106,safaa,safaa@gmail.com
1110,zain,zain@gmail.com
6666,karam,karam@gmail.com